Video Title,Video URL,Video Published At
【赤面必至!?!?】こどもの日だし、昔を振り返ろう【同時視聴】#葵の生放送,http://www.youtube.com/watch?v=Nk-9BlTz1mA,2020-05-05T10:42:35.000Z
【逆ドッキリ】ついにやった!!!運営にドッキリ!!!!!【富士葵】,http://www.youtube.com/watch?v=POqBa-ETgIU,2020-05-01T11:00:09.000Z
アッシュアームズコラボ記念生放送！！！【富士葵】#葵の生放送,http://www.youtube.com/watch?v=x5FkKK88aXg,2020-04-28T13:08:40.000Z
【うちで過ごそう】オススメの作品紹介してもらったよ！【富士葵】#100文字プレゼン #おうちって楽しい,http://www.youtube.com/watch?v=8vQoQWx7kI4,2020-04-26T11:00:04.000Z
ついに…島作り変えるときがきました…【あつまれどうぶつの森】#葵の生放送,http://www.youtube.com/watch?v=XBDdOLnlihI,2020-04-21T13:20:16.000Z
ベノム ／ かいりきベア（Covered by 富士葵）【歌ってみた】,http://www.youtube.com/watch?v=X7R0RT5WRF0,2020-04-18T11:00:27.000Z
【視聴者参加型】ちょっとみんなと試したいゲームがある！！！【あつまれどうぶつの森】#葵の生放送,http://www.youtube.com/watch?v=MxelDLQlgjo,2020-04-14T13:23:02.000Z
【名台詞】初めて見せる私の特技【富士葵】,http://www.youtube.com/watch?v=mhI0KJKeBds,2020-04-10T11:00:35.000Z
【視聴者参加型】集めた魚と虫を持ってきてくれぃ！！！！【あつまれどうぶつの森】#葵の生放送,http://www.youtube.com/watch?v=212AiTfW1yM,2020-04-08T13:33:49.000Z
星野源／うちで踊ろう　feat.富士葵,http://www.youtube.com/watch?v=tNZN3o9VSA0,2020-04-05T13:30:10.000Z
【全部俺】動画の音全部自分で歌ったらカオスすぎた‼ｗｗ【検証】富士葵,http://www.youtube.com/watch?v=yMVEvHiK4XY,2020-04-03T11:00:34.000Z
歌いながら幻の魚を釣り上げる伝説の釣り人【あつまれどうぶつの森】#葵の生放送,http://www.youtube.com/watch?v=rFWD_pnza4g,2020-03-31T14:59:24.000Z
VTuber立ち絵68選が超個性的すぎた!!!【富士葵】アド街風コレクションEarly Spring,http://www.youtube.com/watch?v=n7V0XjfxFnA,2020-03-28T11:00:20.000Z
【体力測定2020】運動不足一気に解消する！！！　#葵の生放送,http://www.youtube.com/watch?v=QkPKVeyUyPY,2020-03-24T13:02:51.000Z
クソデカ水族館作ってフータをビビらす。【あつまれ どうぶつの森】　#葵の生放送,http://www.youtube.com/watch?v=AYwo8x8UUgs,2020-03-21T12:58:26.000Z
あなたがいることで ／ Uru【TBS系 日曜劇場「テセウスの船」主題歌】（Covered by 富士葵）【歌ってみた】,http://www.youtube.com/watch?v=h5Dq0GhBEhA,2020-03-20T11:00:18.000Z
【古代料理】100倍ウマい！？蘇の上の蘇！！！【検証】富士葵,http://www.youtube.com/watch?v=NBg_77Kvwsw,2020-03-13T11:00:08.000Z
歯医者には行きたくありません。　#葵の生放送,http://www.youtube.com/watch?v=suP2ms46Y2Y,2020-03-10T13:06:10.000Z
【ギネス!!!!!!】誰でにでも挑戦できる！叫び続けるギネスが辛すぎた!!【富士葵】,http://www.youtube.com/watch?v=nUQ2Vju3cRw,2020-03-06T11:02:19.000Z
めちゃくちゃツボったから企画にした【それと久々に雑談】富士葵　#葵の生放送,http://www.youtube.com/watch?v=jyYJfEeuT00,2020-03-03T12:59:47.000Z
何度でも / DREAMS COME TRUE（covered by 富士葵）【歌ってみた】,http://www.youtube.com/watch?v=gdQPk2sthcs,2020-02-29T15:00:11.000Z
【電流】かなり際どい質問でビリビリ！ウソ発見器【はじめてシリーズ】富士葵,http://www.youtube.com/watch?v=zKv277XimBM,2020-02-25T11:00:13.000Z
【検証】余裕！ペヤング獄激辛を食べたあとMAX END食べたら辛味感じないんじゃない？【富士葵】,http://www.youtube.com/watch?v=-OMPpQ2YR1I,2020-02-22T11:00:00.000Z
【映画】『えんとつ町のプペル』主題歌 ／西野亮廣【フル歌詞付き】（Covered by 富士葵）,http://www.youtube.com/watch?v=QCfJbZzumKA,2020-02-21T11:00:07.000Z
超不安!!!富士葵ついに運転免許取りに行く【City Car Driving】#葵の生放送,http://www.youtube.com/watch?v=bnS0FJDWwf8,2020-02-18T13:24:21.000Z
【ASMR】吐息か？悲鳴か？絶対に驚いてはいけないホラーゲーム【富士葵】,http://www.youtube.com/watch?v=V07LWc9rfmw,2020-02-15T11:00:10.000Z
【初・歌枠】祝日だし、歌います。【2020/02/11ダイジェスト】#葵の生放送,http://www.youtube.com/watch?v=Sl0uOhMnk-c,2020-02-12T11:00:04.000Z
【激辛】辛辛魚2020！鼻栓したら激辛も余裕説!!【検証】富士葵,http://www.youtube.com/watch?v=oWhiiX7fkSc,2020-02-09T11:00:15.000Z
白日 / King Gnu（covered by 富士葵）【歌ってみた】『イノセンス 冤罪弁護士』主題歌,http://www.youtube.com/watch?v=zefJ9SypgwU,2020-02-07T11:00:12.000Z
【凸待ち】VTuber限定!!!節分凸待ち【鬼は外、福は内】#葵の生放送　富士葵,http://www.youtube.com/watch?v=tciSmiIi364,2020-02-04T14:14:42.000Z
【社会問題】使用済みモンボと戦う少女‼︎  #ポケモンと生活 【富士葵】,http://www.youtube.com/watch?v=933JsoAs3uQ,2020-02-01T11:00:15.000Z
【ポケモン剣盾】みんなとバトル!!!【お手柔らかにお願いします…】#葵の生放送,http://www.youtube.com/watch?v=8-EUTAhdWBc,2020-01-28T13:40:40.000Z
【閲覧注意】遊びじゃねえ!!百味ビーンズがヤバすぎた!!【富士葵】,http://www.youtube.com/watch?v=1gKiZRhyHcc,2020-01-25T11:00:00.000Z
【リザードンで】みんなで暖まろう！【暖をとる】#葵の生放送,http://www.youtube.com/watch?v=KSetonOBJuw,2020-01-21T13:05:36.000Z
【分岐あり】富士葵の恋愛シミュレーションゲーム【どきどきリメンバー】#どきリメ,http://www.youtube.com/watch?v=B4obNRrvLU0,2020-01-17T11:00:00.000Z
【富士葵】お引越しします!!!!!【新生活】#葵の生放送,http://www.youtube.com/watch?v=ZE3r8az8O5s,2020-01-14T12:15:30.000Z
【左手は添えるだけ】桜木花道からボールを奪う！【桜木花道vs富士葵】,http://www.youtube.com/watch?v=1TK-W4D-juU,2020-01-12T11:00:00.000Z
【ドッキリ】仕掛け人、ついにミス⁈心理テストでサイコパス診断されたら...【富士葵】,http://www.youtube.com/watch?v=FikC2op9yBc,2020-01-10T11:00:02.000Z
【富士葵】みんなで一緒に初詣に行く生放送【2020初ライブ】#葵の生放送,http://www.youtube.com/watch?v=hHbJdF-Q_2Y,2020-01-07T13:16:10.000Z
富士葵、新年のご挨拶・抱負2020,http://www.youtube.com/watch?v=F6jpTnxS06Y,2020-01-02T11:00:02.000Z
Pretender / Official髭男dism（covered by 富士葵）【歌ってみた】,http://www.youtube.com/watch?v=TwmSLUdQ0SQ,2020-01-01T15:30:11.000Z
【富士葵】2019年も除夜の鐘を懲りずに鳴らす！【世界不思議ハンター】,http://www.youtube.com/watch?v=NiIxc6_e0Kc,2019-12-31T14:45:01.000Z
【富士葵】「映画キクエモン 葵と 緋色の鶴と時代の狭間」第285話,http://www.youtube.com/watch?v=f3-YlHniBDw,2019-12-29T11:00:09.000Z
【富士葵】活動２周年＆今年もありがとう生放送【今年最後】#葵の生放送,http://www.youtube.com/watch?v=hSNYHB1IGtI,2019-12-27T12:08:47.000Z
【奇跡起きた】クレーンゲーム100回やったら何個取れるか検証【トレバ】,http://www.youtube.com/watch?v=X-w-bBCGj_o,2019-12-26T11:00:06.000Z
【M-1グランプリ2019】みんなで同時視聴しよう！！【ゲスト：ぽんぽこ、ピーナッツくん】#M1グランプリ,http://www.youtube.com/watch?v=09evs1xEiio,2019-12-22T13:38:00.000Z
【検証】画伯の絵をプロに全力で再現してもらったら【富士葵】,http://www.youtube.com/watch?v=S6EDLAH6wXk,2019-12-19T11:00:04.000Z
【ポケモン剣盾】ランクマッチみんな教えて…！！【ソードシールド】#葵の生放送,http://www.youtube.com/watch?v=pF31p9OZKU4,2019-12-16T13:28:31.000Z
【ポケモン剣盾】初ランクマッチ！サポート：樋口楓【ソードシールド】#葵の生放送,http://www.youtube.com/watch?v=Q3Ldo4rzn1s,2019-12-11T13:40:44.000Z
【ポケモン剣盾】ポケモン交換会＆ランクマ最終調整する！【ソードシールド】#葵の生放送,http://www.youtube.com/watch?v=fJc5YDjo2Vw,2019-12-07T14:22:36.000Z
【隠してたことがあります】富士葵、ついに気付く…！,http://www.youtube.com/watch?v=37rKRzUk1iY,2019-12-06T11:00:00.000Z
【ポケモン剣盾】ランク戦目指して厳選が進んできた【ソードシールド】#葵の生放送,http://www.youtube.com/watch?v=UAbdc-cTSBs,2019-12-05T12:00:06.000Z
【ポケモン剣盾】ランク戦目指して図鑑を埋めたり【ソードシールド】#葵の生放送,http://www.youtube.com/watch?v=OgCGZalX1_o,2019-12-02T13:16:33.000Z
"Into the Unknown [""From""Frozen2""]【アナと雪の女王2】イントゥ・ジ・アンノウン〜心のままに【歌ってみた】#富士葵",http://www.youtube.com/watch?v=leEy1xtDhJY,2019-11-29T12:00:16.000Z
【厳選は】みんなのリズム天国【厳選はちょっと休憩】,http://www.youtube.com/watch?v=FLbdyWhbwWM,2019-11-28T10:00:04.000Z
【ポケモン剣盾】今日で殿堂入り目指す！！【ソードシールド】#葵の生放送,http://www.youtube.com/watch?v=KT5ZhQnhFh8,2019-11-23T16:35:02.000Z
【富士葵】1stアルバム『有機的パレットシンドローム』制作秘話クロストーク【#葵のアルバム】#葵の生放送,http://www.youtube.com/watch?v=9qUd_Qgpaqw,2019-11-20T13:30:27.000Z
富士葵 『MY ONLY GRADATION』 MV,http://www.youtube.com/watch?v=Xl7KybJKWoI,2019-11-20T11:00:13.000Z
【#ミューコミプラス】ラジオ生出演！！！　#一翔剣 #富士葵,http://www.youtube.com/watch?v=7QWWv_-D6-k,2019-11-19T16:00:24.000Z
【ポケモン剣盾】生放送中にポケモン交換してみた！【ソードシールド】#葵の生放送,http://www.youtube.com/watch?v=1ttj8_zmfP0,2019-11-17T19:29:22.000Z
【ポケモン剣盾】土日で殿堂入り目指したい！！【ソードシールド】#葵の生放送,http://www.youtube.com/watch?v=rH3H9iBI9Us,2019-11-16T16:02:58.000Z
【ポケモン剣盾】光るポケモンきた！！！！！！【ソードシールド】#葵の生放送,http://www.youtube.com/watch?v=X-1IY86LycM,2019-11-15T16:39:28.000Z
【ポケモン剣盾】本日発売!!!最速プレイ!!!【ソードシールド】#葵の生放送,http://www.youtube.com/watch?v=sar5_j8Lws8,2019-11-14T20:55:58.000Z
【マインクラフト】念願のマイクラ!!!初プレイ!!!【指導員：乾物ひもの】#葵の生放送,http://www.youtube.com/watch?v=JMmnIYn0Qhs,2019-11-14T19:53:43.000Z
【マリオカート8DX】みんなでマリオカート【寝る前メガネ】#葵の生放送,http://www.youtube.com/watch?v=YUBpWEJHpCA,2019-11-07T10:00:07.000Z
5万円以上の高額レトロゲームを当てろ!!ゲーム!!【富士葵】,http://www.youtube.com/watch?v=WUP5tz-AYuE,2019-11-03T11:00:05.000Z
富士葵「MY ONLY GRADATION」ティザーMV,http://www.youtube.com/watch?v=pEBarUQ6o2g,2019-11-01T03:00:10.000Z
【検証】お菓子を渡すと本当にイタズラされないのか【富士葵】,http://www.youtube.com/watch?v=dNcqPS8zsBc,2019-10-31T11:37:49.000Z
【フルコンボ】みんなのリズム天国【それと大切なお知らせ】Part.02　 #葵の生放送,http://www.youtube.com/watch?v=Nh2tF9aodK0,2019-10-31T10:00:03.000Z
B'z／兵、走る【ラグビーワールドカップ日本代表応援ソング】富士葵（Cover）,http://www.youtube.com/watch?v=5nor7NfpMTM,2019-10-26T10:00:00.000Z
【富士葵オリジナル曲】なんでだっけ（葵の場合）【音源配布あり】,http://www.youtube.com/watch?v=xHrrpmAbG5s,2019-10-25T12:00:15.000Z
【さすがに】みんなのリズム天国【得意だわ】,http://www.youtube.com/watch?v=Hjr0z7oIAfo,2019-10-24T10:00:05.000Z
【歌ってみた】ビクトリーロード【頑張れ日本代表】covered by 富士葵（ラグビーワールドカップ日本代表チームソング）,http://www.youtube.com/watch?v=AtcpybkNVZs,2019-10-19T08:00:01.000Z
富士葵って知ってる！？突撃インタビューで奇跡！！！【 #Vtuberチップス 開封】,http://www.youtube.com/watch?v=9vAT1llUL3Y,2019-10-18T11:00:00.000Z
【ナイショのゲリラ生放送】,http://www.youtube.com/watch?v=bbYgNo-Bzyw,2019-10-17T13:16:40.000Z
【壺おじ】リベンジに燃えに燃える富士葵【それと告知】#葵の生放送,http://www.youtube.com/watch?v=s58yE-K5JG4,2019-10-17T10:00:09.000Z
【HANDCLAP】2週間で10キロ痩せるダンス【ミライアカリちゃんと踊ってみた】,http://www.youtube.com/watch?v=SF3Sg4_yISg,2019-10-15T11:00:07.000Z
【海賊王に】ワンピース集めすぎ問題【なりすぎた】富士葵,http://www.youtube.com/watch?v=G76LWMoi_t0,2019-10-12T11:00:05.000Z
【ダイジェスト】富士葵1stソロライブ「OVERTURE -序曲-」 #葵のソロライブ,http://www.youtube.com/watch?v=yKiv0WZgkj8,2019-10-11T11:00:12.000Z
【HUMAN:Fall Fiat】ゲームしながらソロライブ振り返り生放送【富士葵】 #葵のソロライブ,http://www.youtube.com/watch?v=EtfhRgZf7_s,2019-10-09T14:27:59.000Z
【ドッキリ】VTuberチップスに存在しないカードが仕込まれてたら気付く？【富士葵】,http://www.youtube.com/watch?v=biNmqi2c0fA,2019-10-08T10:00:07.000Z
富士葵からのメッセージ【ソロライブを終えて】,http://www.youtube.com/watch?v=FxBpmVTVtVg,2019-10-05T09:25:35.000Z
おっと、富士葵が本気になってしまったようだ･･･,http://www.youtube.com/watch?v=PGtXyFNwryo,2019-10-03T11:00:03.000Z
【富士葵】ソロライブ直前生放送【それと壺男】,http://www.youtube.com/watch?v=KY8e1mQS3jA,2019-10-02T13:10:27.000Z
ジ・ノンフィクション 女子高生の決意～17歳 23万人が見つめる少女～,http://www.youtube.com/watch?v=cZ0NGTtEk1I,2019-09-29T11:00:12.000Z
椎名林檎/丸の内サディスティック(cover)【富士葵】歌ってみた,http://www.youtube.com/watch?v=WWY1vW9ndt0,2019-09-28T11:00:08.000Z
【旅動画】葵の台湾オススメスポット&グルメ!!【泰山 Taisun × 富士葵】,http://www.youtube.com/watch?v=QAy6TQLhVME,2019-09-27T11:00:03.000Z
スマホ版マリオカートツアー生放送【富士葵】,http://www.youtube.com/watch?v=zK0lomxG2sA,2019-09-25T13:19:36.000Z
【ソロライブ振付】葵のオリジナル曲で一緒に踊ろう！【富士葵】,http://www.youtube.com/watch?v=BO0ZN58bb5o,2019-09-21T10:58:00.000Z
【クソダサムーブと言われるが】ダンスダンスレボリューション【それと告知】,http://www.youtube.com/watch?v=QCzWWWuJKSw,2019-09-18T13:18:17.000Z
和紙 / Washi-Paper【富士葵】,http://www.youtube.com/watch?v=3vjpI4tInUs,2019-09-15T10:00:00.000Z
富士葵、怒涛のコント7連発!!,http://www.youtube.com/watch?v=xa2iGLQ60V8,2019-09-13T10:00:16.000Z
【怖い話】「路傍の絵」「ショウメン」【富士葵】,http://www.youtube.com/watch?v=pLv5gsqmREE,2019-09-08T12:45:01.000Z
【マリオカート8DX】みんなでマリオカート【できるかな】,http://www.youtube.com/watch?v=-fsmDzA5vJ0,2019-09-04T13:27:09.000Z
【怖い話】屋敷【富士葵】,http://www.youtube.com/watch?v=Rdn7iEf04LI,2019-08-31T16:47:13.000Z
狂ったポケモンマスターズガチャ【富士葵】,http://www.youtube.com/watch?v=qATCG7v2f1I,2019-08-29T09:00:08.000Z
初めてがこれは本当に悲しい【富士葵】,http://www.youtube.com/watch?v=dGkCo3M8zr0,2019-08-27T11:00:08.000Z
名前のない怪物／EGOIST【PSYCHO-PASS ED】富士葵(cover)歌ってみた,http://www.youtube.com/watch?v=nYEOFy5rKJ4,2019-08-25T12:07:39.000Z
【ドッキリ】架空のVTuberでクイズを作ったら富士葵は知ったかぶりする？,http://www.youtube.com/watch?v=TfB2GahpnqE,2019-08-23T11:00:05.000Z
絶対にチョコミントを食べるアオイチャン／GYARI【富士葵cover】【歌ってみた】,http://www.youtube.com/watch?v=vQ6esAaC7Xk,2019-08-21T11:00:11.000Z
【千と千尋の神隠し】いのちの名前/木村弓/平原綾香（cover）Spirited Away/The Name of Life/Yumi  Kimura【九份】,http://www.youtube.com/watch?v=1rvNOzpJR7E,2019-08-16T10:26:01.000Z
富士葵はアーティストか？タレントか？徹底論争!!,http://www.youtube.com/watch?v=an4VpjjuG3s,2019-08-10T10:00:00.000Z
もしも富士葵がNo.1ホストだったら？,http://www.youtube.com/watch?v=kj1S1bQrrXk,2019-08-06T11:00:08.000Z
[[[富士葵のダンス ]]][[[FujiAoi's Dance]]],http://www.youtube.com/watch?v=RMQLmUv8A4Q,2019-07-31T11:00:08.000Z
機関車キーマス 第459話「死して屍拾う者無し」【富士葵】,http://www.youtube.com/watch?v=J7rUNb0NqDk,2019-07-29T11:00:03.000Z
【天気の子】愛にできることはまだあるかい/RADWIMPS(cover)【富士葵】歌ってみた,http://www.youtube.com/watch?v=5mDKXam4lNY,2019-07-27T11:00:00.000Z
【生放送】ときのそらちゃんとローモバ魔獣討伐対決！！！【富士葵】,http://www.youtube.com/watch?v=pcI7yPSocGE,2019-07-26T13:00:17.000Z
【富士葵】2ndシングルリリース記念！「Mirrativ」生放送【YouTube同時配信】,http://www.youtube.com/watch?v=BrRNdU-JKoE,2019-07-24T13:38:00.000Z
エールアンドエール / 富士葵 [short MV],http://www.youtube.com/watch?v=o_ve3cMTq-E,2019-07-22T10:57:45.000Z
[ENG SUB] 江戸組紐 / Edo-Kumihimo【富士葵】,http://www.youtube.com/watch?v=ZRrKbz56HSw,2019-07-21T10:00:10.000Z
【鬼滅の刃OP】LiSA/紅蓮華(cover)【富士葵】歌ってみた,http://www.youtube.com/watch?v=44xxcADhyuo,2019-07-20T11:00:01.000Z
【初公開】ゲーム新テーマソング作って歌ってみた【富士葵】,http://www.youtube.com/watch?v=UuErDq2x6Pg,2019-07-19T11:00:09.000Z
【ドッキリ】偽アキネイターを作って富士葵にやらせたら気付く？気付かない？,http://www.youtube.com/watch?v=UKT4dClsZF8,2019-07-14T11:00:06.000Z
色々とおかしいボトルキャップチャレンジ5選【富士葵】,http://www.youtube.com/watch?v=wgn1BpeYKjU,2019-07-12T11:00:14.000Z
【富士葵】重大発表と雑談生放送,http://www.youtube.com/watch?v=BwAJz4umu_s,2019-07-10T12:58:26.000Z
HoneyWorks/ファンサ（Cover）【富士葵】歌ってみた,http://www.youtube.com/watch?v=2rI9WmnYuCA,2019-07-06T11:00:00.000Z
【歌あり】大物アーティストから楽曲提供がきたドッキリ【富士葵】,http://www.youtube.com/watch?v=Dca51rZT7I8,2019-07-05T11:00:01.000Z
[ENG SUB] 清洲城 / Kiyosu Castle ~Meet the KING of SAMURAI~,http://www.youtube.com/watch?v=IPsIstQTqoM,2019-06-29T10:00:02.000Z
1万円以上の高額ファミコンを当てろ!!ゲーム!!【富士葵】,http://www.youtube.com/watch?v=25MgvIeLD8M,2019-06-25T11:00:00.000Z
【実験】ついに満点？！衣装が変われば脳も変わる説！,http://www.youtube.com/watch?v=N0juzG61Tw4,2019-06-23T11:00:04.000Z
Rising Hope/LiSA(cover)【富士葵】歌ってみた,http://www.youtube.com/watch?v=ufRJlbBLgTc,2019-06-22T11:00:13.000Z
あなたに富士葵からビデオ通話がかかってきたようです。,http://www.youtube.com/watch?v=j0SOxehCBbA,2019-06-21T11:00:06.000Z
君達、このダンス見てもまだダサいって言えんの？？【富士葵】,http://www.youtube.com/watch?v=jwTCvaO8F-g,2019-06-20T11:00:08.000Z
ビビりながら爆笑する富士葵が見れるホラーゲーム実況【無影灯】,http://www.youtube.com/watch?v=8lYBCjktU2s,2019-06-19T11:00:02.000Z
全ての音をジャイアン声に変換する機械に富士葵の歌を読み込ませたらどうなる？,http://www.youtube.com/watch?v=_cSq-yP8nT8,2019-06-18T11:00:09.000Z
高音厨音域テストを遂に富士葵が挑戦!!!,http://www.youtube.com/watch?v=71PDpb3MWXo,2019-06-17T11:00:00.000Z
新衣装の全貌をラップに乗せて紹介するよ!!【富士葵】,http://www.youtube.com/watch?v=aKueHeT9EDA,2019-06-16T11:00:01.000Z
ECHO/CRUSHER-P feat.GUMI (cover)【富士葵】,http://www.youtube.com/watch?v=QiaGxD5pKaQ,2019-06-15T14:12:44.000Z
【ヤッターマンチャンネル】ともだちHOSHIIIII!!ラジオ【富士葵】#03,http://www.youtube.com/watch?v=mtLa_zzRS3s,2019-06-12T13:11:58.000Z
【期間限定】CD特典でもらえるTシャツがお洒落すぎる!!!!【富士葵】,http://www.youtube.com/watch?v=1xCI7zOGVxM,2019-06-11T11:00:00.000Z
マイクラやったことない人にそっくりなゲームやらせたら気付く？【富士葵】,http://www.youtube.com/watch?v=o67XZ82O26c,2019-06-08T10:00:25.000Z
海の幽霊/米津玄師(cover)【富士葵】,http://www.youtube.com/watch?v=OhnCBiH8w4A,2019-06-05T13:20:45.000Z
富士葵のレトロゲーム王への道【スプラッターハウス編】,http://www.youtube.com/watch?v=x9EMLslPKAk,2019-06-01T10:00:07.000Z
[Cover] Not a Hero【富士葵】,http://www.youtube.com/watch?v=r597uy7gu6k,2019-05-31T11:00:15.000Z
【かしこまり】ともだちHOSHIIIII!!ラジオ【富士葵】#02,http://www.youtube.com/watch?v=H5JII6oGr5Y,2019-05-29T13:10:05.000Z
【ドッキリ】もしも糞アニメの声優の仕事が来たら受ける？受けない？【富士葵】,http://www.youtube.com/watch?v=NoeC9-OuGWY,2019-05-28T11:16:17.000Z
川越 / Kawagoe ~Walk around Ko-Edo in Japan~,http://www.youtube.com/watch?v=JCLsg-beC9k,2019-05-24T11:01:19.000Z
【生放送】質問に答える＆ポーカーゲーム【富士葵】,http://www.youtube.com/watch?v=p_xKdejHb4s,2019-05-22T14:16:37.000Z
【衝撃】漫画の能力を持ってしまった超人５選【富士葵】,http://www.youtube.com/watch?v=JrWnwDMWeVg,2019-05-20T11:00:03.000Z
【歌ってみた】だから僕は音楽を辞めた/ヨルシカ【富士葵】,http://www.youtube.com/watch?v=v1fSB6C_Ps4,2019-05-18T11:02:56.000Z
【歌ってみた】ときのそらちゃんとついにミュージカルコラボ！！【富士葵】,http://www.youtube.com/watch?v=ZgXe8iB11pg,2019-05-17T11:00:07.000Z
VTuberがスナップチャット使ったらどう変化する？【富士葵】,http://www.youtube.com/watch?v=1ETYujda_kk,2019-05-16T12:00:01.000Z
【富士葵】急にごめんね生放送,http://www.youtube.com/watch?v=7_-mk9rgK-c,2019-05-14T13:19:10.000Z
どれが『逆再生』か当てろ！クイズ作ったけど･･･【富士葵】,http://www.youtube.com/watch?v=uDigRcvN9Xo,2019-05-12T11:00:08.000Z
飴玉_Amedama / Japanese Candy Craftsperson in Kawagoe  Saitama,http://www.youtube.com/watch?v=LOUqdfCHmTo,2019-05-10T10:58:46.000Z
【タマホーム歌ってみた】ハッピーソング／水樹奈々【富士葵】,http://www.youtube.com/watch?v=ubPm81fW6QU,2019-05-09T11:00:11.000Z
【葵の生放送】みんなの質問に答えるの会【#04】,http://www.youtube.com/watch?v=WgTg38SSY5Y,2019-05-08T13:15:14.000Z
【生放送編集版】バイオハザード7最終回＋おまけ映像 ♯19【富士葵】,http://www.youtube.com/watch?v=0VYSk9ktt4U,2019-05-04T11:00:00.000Z
【歌ってみた】令和／ゴールデンボンバー【富士葵】,http://www.youtube.com/watch?v=JM4xmnh-aWg,2019-04-30T15:00:07.000Z
【富士葵】「ぼくらの甲子園！ポケット」マネージャー就任記念生放送,http://www.youtube.com/watch?v=Lvg0tQNWR8A,2019-04-26T12:06:34.000Z
【歌ってみた】命に嫌われている。/初音ミク/カンザキイオリ【富士葵】,http://www.youtube.com/watch?v=SfHYSBxPpuw,2019-04-26T12:00:07.000Z
一見、悪徳に見えて、ただコーラを勧めているだけの女 【富士葵】,http://www.youtube.com/watch?v=vB53hsvqDcQ,2019-04-23T11:00:06.000Z
再現CGメーカーでアホなニュース番組作ってみた【富士葵】,http://www.youtube.com/watch?v=pb43delcvuM,2019-04-19T11:00:04.000Z
【富士葵】クイズで学ぶ！マネージャーへの道！！！【ぼくポケ】,http://www.youtube.com/watch?v=IgGrx_8aHKg,2019-04-18T11:00:03.000Z
富士葵が大事なお知らせをします。,http://www.youtube.com/watch?v=FPj184lkfsU,2019-04-17T11:00:01.000Z
こっそり新人Vuberとして活動した結果、登録者何人増えた？【富士葵】,http://www.youtube.com/watch?v=2Mdn8La5GTY,2019-04-16T11:12:05.000Z
【歌ってみた】シャルル（short MV）／バルーン【富士葵カバーアルバム「声 〜Cover ch.〜」】,http://www.youtube.com/watch?v=jMLL9DYdt0A,2019-04-15T11:30:01.000Z
【富士葵】カバーアルバムリリース直前生放送【4/15リリース】,http://www.youtube.com/watch?v=A7fe0Bu_xNk,2019-04-14T12:24:25.000Z
【歌ってみた】2020応援ソング「パプリカ」【富士葵 / 奏MiMi コラボ】【踊ってみた】,http://www.youtube.com/watch?v=LD41y3tmKLk,2019-04-13T11:00:07.000Z
【歌ってみた】Departures 〜あなたにおくるアイの歌〜/EGOIST　テレビアニメ『ギルティクラウン』エンディングテーマ,http://www.youtube.com/watch?v=3HmZ4lWJyMc,2019-04-12T11:58:18.000Z
皆に内緒にしてた秘密があります。【富士葵】,http://www.youtube.com/watch?v=OY6rJnP_Hwo,2019-04-09T11:00:04.000Z
ハゲ頭の上でスノボーするゲームがぶっとびすぎｗｗ【富士葵】,http://www.youtube.com/watch?v=Xt3O8YCpPhU,2019-04-05T11:00:07.000Z
【富士葵の生放送】SUNSET FIRE FIRE【#03】,http://www.youtube.com/watch?v=UXYXlZqK3-A,2019-04-03T13:20:41.000Z
【令和】実は新元号を予想していました…!!!【富士葵】,http://www.youtube.com/watch?v=3WKbqqTYTJQ,2019-04-02T11:01:59.000Z
【富士葵】カバーアルバム詳細発表!!!,http://www.youtube.com/watch?v=S64U72Ns22Y,2019-03-31T13:08:54.000Z
【歌ってみた】ダダダダ天使/ナナヲアカリ【富士葵】,http://www.youtube.com/watch?v=nHIqE61zYsM,2019-03-30T11:00:06.000Z
バイオ7によって爆弾の扱いに長けてしまった富士葵 ♯18【バイオハザード7】,http://www.youtube.com/watch?v=kA2LUeO8rGo,2019-03-29T11:00:06.000Z
【無感情】富士葵が感情を失ったのでいたずらします。,http://www.youtube.com/watch?v=fYthci26Gsg,2019-03-26T11:00:05.000Z
【応援ASMR】色々とお疲れの人へ。【富士葵】,http://www.youtube.com/watch?v=An7qsq__Pms,2019-03-23T11:00:01.000Z
【歌ってみた】Lemon / 米津玄師【富士葵】ドラマ『アンナチュラル』主題歌,http://www.youtube.com/watch?v=xoAyRQ9GrFY,2019-03-22T10:58:17.000Z
【富士葵の生放送】SUNSET FIRE FIRE【#02】,http://www.youtube.com/watch?v=SK6kehrcpR4,2019-03-20T12:06:49.000Z
【YuNi】ともだちHOSHIIIII!!ラジオ【富士葵】#01,http://www.youtube.com/watch?v=EhSWJVL5cI4,2019-03-19T12:03:01.000Z
【ドッキリ】富士葵の公式サイトを昔の個人サイト風に改造したらｗｗｗ,http://www.youtube.com/watch?v=VlQQ94XGmJI,2019-03-18T11:00:06.000Z
【オリジナル】ミルクティ【作詞作曲：富士葵】,http://www.youtube.com/watch?v=nLMRAKeoif0,2019-03-16T11:00:06.000Z
バイオ7の激レアトロフィー「ごめん、ミア」 ♯17【富士葵】,http://www.youtube.com/watch?v=Pm0sG0zYlE4,2019-03-15T11:00:07.000Z
【富士葵】ファンリクエストカバーアルバム収録曲発表!!!,http://www.youtube.com/watch?v=ZrOW5jaKO3U,2019-03-13T12:06:07.000Z
【3年A組ダンス】3年A組朝礼体操を廊下で踊ってみた!!【富士葵】,http://www.youtube.com/watch?v=9H-0Tg96Lsg,2019-03-11T11:00:00.000Z
「チカっとチカ千花っ♡」を可愛く歌って踊ってみた【富士葵】,http://www.youtube.com/watch?v=UXLTY_jq2lk,2019-03-09T10:00:03.000Z
【学校で歌ってみた】トリコ/Nissy(西島隆弘)　映画『あのコの、トリコ。』主題歌【富士葵】,http://www.youtube.com/watch?v=7H-9pFH2_1E,2019-03-08T11:00:03.000Z
【富士葵の生放送】SUNSET FIRE FIRE【#01】,http://www.youtube.com/watch?v=1QaifC_x-Xs,2019-03-06T13:08:44.000Z
【閲覧注意】幻のVTuber「ゲゲギギ」について【都市伝説】,http://www.youtube.com/watch?v=zwkq67I0Mxc,2019-03-05T11:00:07.000Z
富士葵のゲーム作って本人にやらせた結果ｗｗｗ【RPGツクール】,http://www.youtube.com/watch?v=CxJnjzl7cvQ,2019-03-02T11:00:02.000Z
【女性が歌う】Koi/androp  映画『九月の恋と出会うまで』主題歌【富士葵】,http://www.youtube.com/watch?v=Mp0T8WoFn7E,2019-03-01T02:30:00.000Z
【富士葵】清水エスパルス公式新人サポーターに任命！【Jリーグ】,http://www.youtube.com/watch?v=5TQjzsFuONE,2019-02-28T11:00:01.000Z
【視聴】「God knows...」（Arranged by Neko Hacker） VTuberコンピレーションアルバム「IMAGINATION vol.1」より,http://www.youtube.com/watch?v=u3MqTs1vaTo,2019-02-27T10:00:08.000Z
【歌ってみた】おとなの掟 / Doughnuts Hole ・ 椎名林檎と松崎ナオ【富士葵】『カルテット』,http://www.youtube.com/watch?v=LraAU_shDKY,2019-02-23T11:00:02.000Z
【悲報】富士葵の新衣装候補がひどすぎる･･･,http://www.youtube.com/watch?v=a-vEZRPbytw,2019-02-22T11:00:00.000Z
【富士葵の生放送】SUNSET FIRE FIRE【#00】,http://www.youtube.com/watch?v=PWD9OriEOrQ,2019-02-20T12:34:23.000Z
絶叫アクティビティ！？北海道登別で女子三人旅！！【富士葵 × ときのそら × アズマリム】,http://www.youtube.com/watch?v=QzTzRqtgK6Q,2019-02-18T10:00:02.000Z
【アイドルどっと】応援団長に就任しました！,http://www.youtube.com/watch?v=7kStplc11xM,2019-02-15T09:00:01.000Z
【歌ってみた】メルト / ryo【富士葵】,http://www.youtube.com/watch?v=1Cb5b5MDHZU,2019-02-14T09:57:49.000Z
子供に怒られて怖がる女子高生が可愛すぎる動画　#16【バイオ7　富士葵】,http://www.youtube.com/watch?v=oJ8qFN_GBCQ,2019-02-10T11:00:06.000Z
【女性が歌う】Get Wild / TM NETWORK【富士葵】歌ってみた,http://www.youtube.com/watch?v=xZ33YanqTU4,2019-02-08T11:00:14.000Z
いらすとやでVTuberの再現クイズ作ったら意外と似てたｗｗｗ【富士葵】,http://www.youtube.com/watch?v=qBixai3g_vI,2019-02-07T11:00:12.000Z
選ばれなかった一人が死ぬ！？究極の選択が怖すぎるｗｗ＃15【バイオ7 富士葵】,http://www.youtube.com/watch?v=XMP3nnTyYyE,2019-02-03T11:00:07.000Z
【大流行】和風｢じゃがアリゴ｣!?色んなお菓子で試した結果！【富士葵】,http://www.youtube.com/watch?v=PqgGYy-2Q-w,2019-02-02T11:00:03.000Z
【富士葵】雪の華/中島美嘉　 映画『雪の華』主題歌【歌ってみた】,http://www.youtube.com/watch?v=9ozaiKTyJ5M,2019-02-01T11:00:00.000Z
超リアル！？「焼肉パズル」で牛肉の部位を覚えよう！/ Yakiniku Puzzle. Japanese Toy!!,http://www.youtube.com/watch?v=bIo1H6CRhaY,2019-01-30T11:00:03.000Z
【富士葵】I beg you / Aimer【歌ってみた】『Fate/stay night [Heaven's Feel]』,http://www.youtube.com/watch?v=ezGNv5NT0mY,2019-01-26T10:57:44.000Z
バイオ7の敵キャラの衝撃のラストに人々が涙【バイオハザード7】#14,http://www.youtube.com/watch?v=L1PVbH0agBc,2019-01-25T11:00:03.000Z
めちゃくちゃきれいになった葵について【FOX-Flame Of Xenocide-】,http://www.youtube.com/watch?v=4qsTDuyPtYA,2019-01-24T11:00:02.000Z
プロの歌を言葉をマネするぬいぐるみに真似させたらうまい？ヘタ？【富士葵】,http://www.youtube.com/watch?v=ARHrrbr6MgE,2019-01-23T11:30:01.000Z
【富士葵】手紙～拝啓 十五の君へ～/アンジェラ・アキ【歌ってみた】,http://www.youtube.com/watch?v=f7YaD4COq4I,2019-01-19T11:00:03.000Z
このキャラ達の名前知ってる？クイズが難しすぎｗｗｗ【富士葵】,http://www.youtube.com/watch?v=uh255EMPkOY,2019-01-18T11:00:17.000Z
ガキ使に出たゲームを実際にやってみたら名勝負が出来た【ゴブレッドゴブラーズ】,http://www.youtube.com/watch?v=kM1TyMoJ0Sk,2019-01-15T11:00:05.000Z
富士葵はいきなり爆弾を渡されたらどういう反応する？【バイオ7】#13,http://www.youtube.com/watch?v=jiyceiToYBI,2019-01-12T11:00:11.000Z
口だけでカントリーロード歌ってみた / 耳をすませば主題歌/COUNTRY ROADS【富士葵】,http://www.youtube.com/watch?v=JtKUQWPSQr8,2019-01-11T11:00:02.000Z
【お子様閲覧注意】始解から卍解への道【富士葵】,http://www.youtube.com/watch?v=BIjlpgRkDWU,2019-01-08T11:30:00.000Z
【富士葵】恋愛サーキュレーション／千石撫子(花澤香菜)『化物語』【歌ってみた】,http://www.youtube.com/watch?v=A8g6cuODzxc,2019-01-05T11:00:00.000Z
もしも富士葵が自分の姪っ子だったら？【体験動画】,http://www.youtube.com/watch?v=MsIA2Ed374c,2019-01-03T05:00:00.000Z
富士葵、新年のご挨拶・抱負2019,http://www.youtube.com/watch?v=CK1sTV5JFto,2019-01-01T04:00:00.000Z
【富士葵】2018年も除夜の鐘を鳴らしてみた！【世界不思議ハンター】,http://www.youtube.com/watch?v=2RwvMGVKC1U,2018-12-31T14:45:01.000Z
【歌ってみた：津軽海峡冬景色】ひとり紅白歌合戦に挑戦じゃぁー！【富士葵】,http://www.youtube.com/watch?v=Nn83FNPeBmg,2018-12-31T10:30:01.000Z
【富士葵】日々/吉田山田 【歌ってみた】みんなのうた,http://www.youtube.com/watch?v=r7YC2Ti1keU,2018-12-29T11:00:11.000Z
【富士葵】スマブラSP視聴者バトル生放送,http://www.youtube.com/watch?v=XxQVnjgtKeI,2018-12-28T13:27:36.000Z
ペヤングスカルプD味を食べたら髪形が変身した。【富士葵】,http://www.youtube.com/watch?v=ODKaoPVZirc,2018-12-26T11:00:03.000Z
【Cover】クリスマスソングメドレーを歌ってみたよ！2018【富士葵】,http://www.youtube.com/watch?v=xfjT-Bti9Xg,2018-12-24T11:00:08.000Z
トマトマトゲームっていうヤバいゲーム知ってる？【富士葵/ゲラ葵】,http://www.youtube.com/watch?v=BuyMncDIvcA,2018-12-22T11:00:03.000Z
【富士葵】月光/鬼束ちひろ 『TRICK』【歌ってみた】,http://www.youtube.com/watch?v=k6B-isLbj18,2018-12-21T11:00:05.000Z
【奇跡】絶対爆発しないはずの箱が爆発したのだが？【バイオ7】#12,http://www.youtube.com/watch?v=D37DCpD4IoA,2018-12-18T11:00:00.000Z
【活動一周年】Sunset Fire【生放送】,http://www.youtube.com/watch?v=krZ31KnnESw,2018-12-15T12:49:17.000Z
【富士葵】なんでもないや/RADWIMPS 『君の名は。』 【2018 Cover】,http://www.youtube.com/watch?v=aDnSbeC_kyw,2018-12-15T12:39:13.000Z
【全部俺】Over The Rainbow／富士葵【歌ってみた】『オズの魔法使い』（The Wonderful Wizard of Oz）,http://www.youtube.com/watch?v=W8UOTqazeaU,2018-12-13T09:57:43.000Z
【台湾】富士葵の太鼓判！台湾のおすすめスポットをご紹介！！【観光大使】#2,http://www.youtube.com/watch?v=tX7WoVz49Ug,2018-12-11T10:00:05.000Z
大喜利｢こんな誕生日はイヤだ｣【バイオ7】#11,http://www.youtube.com/watch?v=zRsNirXRYAM,2018-12-08T11:00:08.000Z
【スマブラSP】 命の灯火／古賀英里奈『スマッシュブラザーズ』【歌ってみた】Super Smash Bros. Special,http://www.youtube.com/watch?v=Wjf1366QIrw,2018-12-07T10:00:03.000Z
【富士葵】レトロゲーム王への道 Part.00,http://www.youtube.com/watch?v=MZP_4YBLYHU,2018-12-06T13:54:40.000Z
会員限定公開のレコーディングNGシーン特別公開！！！,http://www.youtube.com/watch?v=00Pllcc5ouA,2018-12-05T10:31:29.000Z
ジャルジャルの国名分けっこをVTuberの名前でやってみたら激ムズすぎ!!【富士葵】,http://www.youtube.com/watch?v=az_K7JKE3D4,2018-12-03T12:00:00.000Z
圧倒的腕力でミイラの腕を千切り取る富士葵 ＃10【バイオ7】,http://www.youtube.com/watch?v=UwG-nN3PVxU,2018-12-02T11:00:03.000Z
【富士葵】今夜このまま／あいみょん『獣になれない私たち』【歌ってみた】,http://www.youtube.com/watch?v=mSg12nizeac,2018-12-01T11:00:08.000Z
【観光大使】台湾ナンバーワンガールズメディアNIUSnewsの観光大使に就任!!!,http://www.youtube.com/watch?v=aiPaMdH7ing,2018-11-30T10:00:00.000Z
富士葵×JTBツアーで泊まる超絶景旅館を葵が紹介してみた!!,http://www.youtube.com/watch?v=AreboHf3rJE,2018-11-29T10:00:01.000Z
(富士葵が好きな人向け)富士葵詰め合わせ【没ネタあり】,http://www.youtube.com/watch?v=Kv61OZeLTds,2018-11-27T11:00:02.000Z
【利きシリーズ】アンパンマンペロペロチョコを舌ざわりだけで当てろ!!【富士葵】,http://www.youtube.com/watch?v=Ss4TTDzc97Q,2018-11-26T11:07:52.000Z
【富士葵】月のワルツ／諫山実生／みんなのうた【歌ってみた】,http://www.youtube.com/watch?v=yA8wCtE62fU,2018-11-24T11:00:06.000Z
MOTHER2～マーガレットの逆襲～(第二形態) #9【富士葵のバイオ7】,http://www.youtube.com/watch?v=E2nPHZmpFqM,2018-11-23T11:00:02.000Z
ゲームに葵が実装されたよ記念生放送【東京コンセプション】,http://www.youtube.com/watch?v=4TArvQStLtw,2018-11-21T12:26:51.000Z
【お子様閲覧注意】読解とはわけが違う抜き打ちテスト！【富士葵】,http://www.youtube.com/watch?v=eY56Lif5ofo,2018-11-20T11:00:10.000Z
【混ぜるな危険】二人でクイズしたら珍解答続出【富士葵×燦鳥ノム】,http://www.youtube.com/watch?v=ybhpfFDcaKM,2018-11-16T11:00:16.000Z
【富士葵】蝶々結び／Aimer【歌ってみた】,http://www.youtube.com/watch?v=SVqedq-_Y7Y,2018-11-15T11:00:03.000Z
【MAD】ふじあおい富士葵FujiAoi【公式】,http://www.youtube.com/watch?v=tGSq3jFS2Ow,2018-11-13T10:00:08.000Z
富士葵と山登りが楽しめる動画(クレイジーハイキング)【黒い砂漠バーチャルガールズ実況リレー】,http://www.youtube.com/watch?v=kXrl0M4yzkU,2018-11-12T10:00:04.000Z
【10周年】絶品の季節限定つけ麺復活!!!【三田製麺所応援団長・富士葵】,http://www.youtube.com/watch?v=JYRHxZDXo8M,2018-11-11T11:00:05.000Z
【富士葵】Flamingo／米津玄師【歌ってみた】,http://www.youtube.com/watch?v=LpFlorv28_A,2018-11-09T10:00:01.000Z
【富士葵】メジャーデビュー感謝生放送,http://www.youtube.com/watch?v=5NQyNwSzpaM,2018-11-07T12:42:32.000Z
富士葵『はじまりの音』MV (Short Ver.),http://www.youtube.com/watch?v=XZCVNheBGOw,2018-11-06T10:58:24.000Z
【歌ってみた】君の知らない物語／supercell【富士葵】『化物語ED』,http://www.youtube.com/watch?v=bsgU_M83lJM,2018-11-03T07:39:49.000Z
【閲覧注意】地獄の業火で虫の生命を絶つ女・富士葵【バイオ7】#8,http://www.youtube.com/watch?v=vcgW_ZH9WjI,2018-11-02T11:00:09.000Z
【歌ってみた】クソダサムーブでエイリアンエイリアン【富士葵】,http://www.youtube.com/watch?v=PLBi20neHbM,2018-10-31T11:00:03.000Z
富士葵がぶっとんだ思考の持ち主だと分かる動画【葵の総監修動画】,http://www.youtube.com/watch?v=vCP3beczblM,2018-10-30T11:08:35.000Z
ファミパンおじさんと富士葵の奇妙な関係について #7【バイオ7】,http://www.youtube.com/watch?v=YEnKgotclyA,2018-10-27T11:00:03.000Z
【富士葵】ゲームの公式ソングを歌ってみた！,http://www.youtube.com/watch?v=RxaOJFPrD8g,2018-10-26T11:00:05.000Z
【富士葵】ピースサイン／米津玄師【歌ってみた】,http://www.youtube.com/watch?v=w2FjVnLyL8o,2018-10-24T11:00:04.000Z
【富士葵】歌動画の裏側&アカペラ,http://www.youtube.com/watch?v=i73ptWfR3Y8,2018-10-22T11:48:27.000Z
【富士葵】メジャーデビューシングル「はじまりの音」先行配信記念生放送,http://www.youtube.com/watch?v=ShceZc0tDbo,2018-10-21T16:12:34.000Z
【歌ってみた】未練レコード／富士葵【ときのそら × 40mP】,http://www.youtube.com/watch?v=o17rr391NGM,2018-10-20T11:00:59.000Z
【富士葵】入れ歯イオハザード7【バイオ7】#6,http://www.youtube.com/watch?v=jC-MXaaaHzw,2018-10-19T11:00:07.000Z
【歌ってみた】Precious ／伊藤由奈『LIMIT OF LOVE海猿』主題歌,http://www.youtube.com/watch?v=gfhs3BTWQPM,2018-10-17T11:00:07.000Z
【富士葵】デビュー曲『はじまりの音』ちょっと出し！！,http://www.youtube.com/watch?v=J6_Wd1O_ZFk,2018-10-15T11:02:38.000Z
【富士葵】みんなで決めよう！葵のそれ正解！【生放送】,http://www.youtube.com/watch?v=ax4qzP68zws,2018-10-14T13:12:24.000Z
【ラップむずい】砂の惑星／ハチ【歌ってみた】,http://www.youtube.com/watch?v=XXh-FDjGm4g,2018-10-13T11:00:06.000Z
【富士葵】ボス戦(だと思う)【バイオ7】#5,http://www.youtube.com/watch?v=59AZ0ckuECI,2018-10-12T11:00:00.000Z
【歌ってみた】時を刻む唄／Lia 『CLANNAD 〜AFTER STORY〜』,http://www.youtube.com/watch?v=kNzQowN6Z6M,2018-10-11T11:00:05.000Z
バーチャルYouTuberがバーチャルYouTuber作ったら最強でしょ【カスタムキャスト】,http://www.youtube.com/watch?v=RhF8n0Oy7lU,2018-10-10T11:00:05.000Z
【富士葵】メジャーデビュー情報第二弾！！！,http://www.youtube.com/watch?v=-81ULRmahYw,2018-10-07T11:00:00.000Z
【大泣き】からくりピエロ／40mP【歌ってみた】,http://www.youtube.com/watch?v=tZdlCYxDpj0,2018-10-06T12:30:02.000Z
【富士葵】悲鳴だらけのかくれんぼ【バイオ7】#4,http://www.youtube.com/watch?v=kaV6H0APvfk,2018-10-05T11:00:04.000Z
【多重録音・全部俺】JUPITER／富士葵【歌ってみた】,http://www.youtube.com/watch?v=WVcny1IhWJ4,2018-10-03T10:02:48.000Z
昭和に撮影されたバーチャルYouTuberの映像を特別公開【富士葵】,http://www.youtube.com/watch?v=7qAuhhKe7yg,2018-10-02T10:00:01.000Z
【歌ってみた】ドーナツホール／富士葵【オクトパス？？？】,http://www.youtube.com/watch?v=uClN8y71sBY,2018-09-29T12:30:03.000Z
【富士葵】壁から天井から出てくる出てくるバイオ7実況 ♯3 【バイオハザード7】,http://www.youtube.com/watch?v=snExNmCtI34,2018-09-28T11:00:06.000Z
【富士葵】アホ発言も編集次第でシリアスになるのか実証してみた,http://www.youtube.com/watch?v=PlN6Bze8wXs,2018-09-26T10:00:03.000Z
【富士葵】言葉がゲスになるバイオ7実況 ♯2 【バイオハザード7】,http://www.youtube.com/watch?v=ZWkBKpocnos,2018-09-23T08:00:05.000Z
【歌ってみた】you／癒月『ひぐらしのなく頃に』【弾き語り】,http://www.youtube.com/watch?v=caPn1JQ2enY,2018-09-22T08:00:03.000Z
【歌ってみた】夜咄ディセイブ／じん【RAGE LIVE映像】富士葵,http://www.youtube.com/watch?v=CtWHd47vcT0,2018-09-19T10:03:41.000Z
葵にも新しいおともだちが！？おさナズちゃんと歌ってみた！,http://www.youtube.com/watch?v=4ko33YjXHY4,2018-09-18T10:00:01.000Z
【歌ってみた】鳥の詩／Lia 『AIR』,http://www.youtube.com/watch?v=_R-khs0_rJU,2018-09-14T12:00:08.000Z
【富士葵】ガチビビりバイオ7 #1,http://www.youtube.com/watch?v=ry4smLVz7Co,2018-09-14T11:00:05.000Z
ユニバーサルミュージックからメジャーデビュー！！【富士葵】,http://www.youtube.com/watch?v=h5tpdknqhNo,2018-09-12T10:00:07.000Z
バーチャル界の最強画伯がイラスト当てクイズをやったら…【画伯 富士葵】,http://www.youtube.com/watch?v=Rx3kXzeKM8g,2018-09-10T10:00:08.000Z
【歌ってみた】いーあるふぁんくらぶ／富士葵【うぉーあいにー】,http://www.youtube.com/watch?v=tH36OHNc5-E,2018-09-08T10:00:09.000Z
【激辛】ペヤング激辛MAXENDを食べたらすごいことになった…,http://www.youtube.com/watch?v=rz9o5M3lRbI,2018-09-07T10:04:24.000Z
【Cover】射手座☆午後九時Don't be late／シェリル・ノーム starring May'n 『マクロスF』,http://www.youtube.com/watch?v=tAZlcp4mT-g,2018-09-04T10:28:49.000Z
歌うと誇張しすぎてしまう呪いにかかりました。【富士葵】,http://www.youtube.com/watch?v=cLPqHEkh1C4,2018-09-01T10:00:04.000Z
"【Cover】ウィキッド『魔法使いと私』/Wicked ""The Wizard and I""",http://www.youtube.com/watch?v=zrFFXpZa23I,2018-08-31T10:00:12.000Z
【地声の限界の高さ】アスノヨゾラ哨戒班／富士葵【歌ってみた】,http://www.youtube.com/watch?v=GbXBR57dkn0,2018-08-28T13:25:04.000Z
私の動きがダサいって言ったの誰だ！見返してやる！【富士葵】,http://www.youtube.com/watch?v=bgNwIExlZQ0,2018-08-25T10:00:11.000Z
【Cover】secret base～君がくれたもの～/ZONE『あの日見た花の名前を僕達はまだ知らない』【ライブ音源】,http://www.youtube.com/watch?v=rjYkPF4_g80,2018-08-24T10:03:01.000Z
ロキ／富士葵【一人で歌ってみた】,http://www.youtube.com/watch?v=nkXjqlojjE4,2018-08-21T10:00:10.000Z
Fight!公式応援ソング『君のミライ』,http://www.youtube.com/watch?v=NT9ZqcskfE4,2018-08-20T13:03:03.000Z
【Fight!】2日間通して感じたこと。【真面目】,http://www.youtube.com/watch?v=OKnjbTA_DGU,2018-08-20T10:00:04.000Z
【全部俺】ドンキーコング歌ってみた【多重録音】Donkey Kong Theme - DK Island Swimg,http://www.youtube.com/watch?v=yly2WZDEv_s,2018-08-18T11:09:54.000Z
【Cover】花ハ踊レヤいろはにほ/チーム“ハナヤマタ”『ハナヤマタ』【踊ってみた】,http://www.youtube.com/watch?v=szyhyrYg7Cw,2018-08-17T10:06:52.000Z
【Cover】ひこうき雲/荒井由実(松任谷由実)　Hikouki Gumo/Yumi Arai(Yumi Matsutoya)【弾き語り】,http://www.youtube.com/watch?v=YRMvGOA43Sc,2018-08-14T11:00:03.000Z
【遊戯王】遊戯王カード知らなくても意外と描ける説？！,http://www.youtube.com/watch?v=JI12FSilqiU,2018-08-11T10:00:07.000Z
【Cover】夏祭り/JITTERIN'JINN・Whiteberry Natsu Matsuri/JITTERIN'JINN.Whiteberry,http://www.youtube.com/watch?v=H6sAxQi8OM0,2018-08-10T10:00:06.000Z
【ASMR】何を食べてるか音だけで当ててみて【音フェチ】【イヤフォン推奨】,http://www.youtube.com/watch?v=N-7YOdxIdQQ,2018-08-07T10:00:04.000Z
富士葵本人が自分のクイズをやったら余裕で全問正解出来る？,http://www.youtube.com/watch?v=ioX5EwyEuTQ,2018-08-04T10:00:09.000Z
【富士葵】新衣装説明会,http://www.youtube.com/watch?v=cW7UOQOQugQ,2018-08-01T12:50:32.000Z
【撮影の裏側！】江ノ島ロケの様子だよ！！！【Aoi'sEYE】富士葵,http://www.youtube.com/watch?v=zm0ql1q_xAA,2018-07-31T10:16:53.000Z
【大流行？】空手家の子をやってみた【クロコップ】,http://www.youtube.com/watch?v=jFBuvdzH8eI,2018-07-27T23:00:01.000Z
【富士葵】新衣装お披露目！！！,http://www.youtube.com/watch?v=8sgkdyHV18A,2018-07-27T10:00:30.000Z
【イベント出演決定】富士葵と会える！みんなに会えるーーーー！！！【リアルイベント】,http://www.youtube.com/watch?v=zntdRi_q8VA,2018-07-26T09:59:42.000Z
【スマホ版DbD】吐息漏れる女子高生vs変態ピエロ【Identity V】,http://www.youtube.com/watch?v=HoJRxrCGyA8,2018-07-21T10:00:06.000Z
ついに葵の写真が！！！？【アキネーター】,http://www.youtube.com/watch?v=9Xw7g_GQH-Q,2018-07-17T10:00:00.000Z
【Cover】夏色/ゆず Natsu Iro/Yuzu,http://www.youtube.com/watch?v=RbBo0ERC90Y,2018-07-14T10:00:03.000Z
【西日本豪雨】支援募金について,http://www.youtube.com/watch?v=r4xM0Z4T8Vc,2018-07-12T10:10:28.000Z
富士葵！！世界クーリッシュ選手権に出場します！！,http://www.youtube.com/watch?v=_TCn_k-pFmo,2018-07-07T10:00:05.000Z
【怒ってる？】第9話 富士葵vs富士葵!? の巻【ツンデレ葵】,http://www.youtube.com/watch?v=3ow4x_Qpifo,2018-07-03T10:00:01.000Z
【Cover】Rain/大江千里・秦基博 Rain/SenriOhe.MotohiroHata『言の葉の庭』,http://www.youtube.com/watch?v=qhjULwm8tUs,2018-06-29T10:00:26.000Z
キクノジョーとのマルチが真剣すぎて大爆笑！！,http://www.youtube.com/watch?v=1oWav4kNl2I,2018-06-27T10:00:00.000Z
ビリビリペン試してみたら想像以上だった！！！【はじめてシリーズ】,http://www.youtube.com/watch?v=WhpFa8GOxGs,2018-06-26T10:45:58.000Z
スターへの道！！！,http://www.youtube.com/watch?v=OtbSyaCDIYg,2018-06-24T10:00:05.000Z
【Cover】NIPPON/椎名林檎 - NIPPON/Sheena Ringo,http://www.youtube.com/watch?v=pSVdXYWSHxQ,2018-06-23T10:00:07.000Z
ヘリウムガス吸ったら面白すぎた！！！,http://www.youtube.com/watch?v=VA32FEtV4rY,2018-06-22T10:00:07.000Z
声優デビューの日がやってきた！アニメ『魔法少女サイト』,http://www.youtube.com/watch?v=g7K4GUoPaTU,2018-06-19T10:03:56.000Z
【富士葵生誕祭2018】,http://www.youtube.com/watch?v=XX6X8PWU9J0,2018-06-18T12:31:28.000Z
葵の！誕生日前夜じゃないけど前夜祭（仮）,http://www.youtube.com/watch?v=ILoeFsb2NxI,2018-06-15T12:20:35.000Z
【Cover】トライ・エヴリシング/Dream Ami『ズートピア』Try Everything/Dream Ami,http://www.youtube.com/watch?v=vkSFyx2vRkA,2018-06-14T10:17:50.000Z
今日は色んな告知をしながら雑談するよーーー！！！,http://www.youtube.com/watch?v=WgYpQTpZ_kw,2018-06-11T12:33:00.000Z
【Cover】ライオン／May'n/中島愛 - 富士葵×ときのそらコラボ「そらあお」で歌ってみた,http://www.youtube.com/watch?v=rn54OXCuTZs,2018-06-08T10:00:05.000Z
【ソーシャルジン】富士葵地上波進出！！！,http://www.youtube.com/watch?v=rCXD8ESB-C4,2018-06-06T04:23:58.000Z
【重大告知】ついに…ユニット誕生か？！気になるあの子と〇〇コラボ！！！,http://www.youtube.com/watch?v=UsVEgnaau1o,2018-06-05T12:00:01.000Z
【縛りプレイ】ソニック・ザ・ヘッジホッグで笑いの神降臨！！！【レトロゲーム】,http://www.youtube.com/watch?v=mQ8FQ9cnWTA,2018-06-01T10:08:39.000Z
【富士葵】ついに！！メジャーデビューだーーーーーー！！！！！,http://www.youtube.com/watch?v=UlGr7PSjrz0,2018-05-31T09:59:48.000Z
【生放送】皆で作る葵のリネレボ!!【リネージュ2 レボリューション】,http://www.youtube.com/watch?v=qKFZraMm5WE,2018-05-30T13:34:27.000Z
協力できない2人のデスマッチ Super Bunny Man！！ #2,http://www.youtube.com/watch?v=1IBxY0IMUa8,2018-05-28T10:03:13.000Z
富士葵！！富士山に登る！！【葵の100万人チャレンジ】 #1,http://www.youtube.com/watch?v=ij_oTfD3Y5A,2018-05-25T12:00:02.000Z
【生放送＃03】10万人感謝の生放送！！！,http://www.youtube.com/watch?v=M99yvPKo-Z8,2018-05-22T01:14:49.000Z
【ゲーム】楽勝かと思ったら激ムズすぎた...,http://www.youtube.com/watch?v=hkR2C1JbGWg,2018-05-19T10:00:40.000Z
【スマホ版PUBG】富士葵、何キルでキル？何ショスでショス？？【PUBGモバイル】#02,http://www.youtube.com/watch?v=EjYsJ4m_sI4,2018-05-18T09:57:06.000Z
【スマホ版PUBG】戦場マラソンで不正発覚！！【PUBGモバイル】,http://www.youtube.com/watch?v=coE16wdGZ6k,2018-05-16T11:52:21.000Z
【ドレミの歌】振り付け中にこっそりカメラ回してみた【隠し撮り】,http://www.youtube.com/watch?v=i7KnbXJxjUI,2018-05-14T10:00:08.000Z
【生放送＃02】コメント拾う練習しまーーーす！！！,http://www.youtube.com/watch?v=IgksHUHy8hk,2018-05-12T14:17:33.000Z
【Cover】明日への手紙/手嶌葵『いつかこの恋を思い出してきっと泣いてしまう』Asu e no Tegami/Aoi Teshima,http://www.youtube.com/watch?v=1Nlt9Vy4CuM,2018-05-11T10:00:00.000Z
協力できない二人のSuper Bunny Man !!!＃1,http://www.youtube.com/watch?v=35nJdPat73A,2018-05-09T10:09:45.000Z
【富士葵】これが本来の葵の姿だ！！！,http://www.youtube.com/watch?v=7C0ffNgs-YM,2018-05-07T10:44:03.000Z
興奮冷めやらぬ大型コラボ【バーチャルYouTuber人狼】ありがとうございました！！！,http://www.youtube.com/watch?v=UbaywGEuFSk,2018-05-06T02:08:20.000Z
【富士葵】初めての生放送！,http://www.youtube.com/watch?v=MB25sQvbYw4,2018-05-02T13:37:57.000Z
【野球】葵のエビ反り【デッドボール】,http://www.youtube.com/watch?v=9unRnGbhWVc,2018-05-01T11:16:50.000Z
"【Cover】ありがとう/いきものがかり『ゲゲゲの女房』　Arigato/IkimonoGakari""GeGeGe No Nyobo""",http://www.youtube.com/watch?v=ZCF8AiaAd5c,2018-04-29T10:30:00.000Z
【ありがとう】葵からみなさんへご報告です！！,http://www.youtube.com/watch?v=ItytAdry4G4,2018-04-27T12:16:39.000Z
"富士葵「羽化」／Fuji Aoi ""Emergence""",http://www.youtube.com/watch?v=4JN8pjLoUqM,2018-04-27T03:09:57.000Z
【ありがとう】未来への旅立ちの日に,http://www.youtube.com/watch?v=yIOX6MA4B7M,2018-04-26T10:02:49.000Z
【Cover】One more time  One more chance /山崎まさよし『秒速5センチメートル』,http://www.youtube.com/watch?v=Q6lioMo1Qwg,2018-04-21T10:05:28.000Z
【恐怖】これがリアル鬼ごっこ！！富士葵、赤鬼に襲われる！！,http://www.youtube.com/watch?v=4bSYNlW6-ws,2018-04-20T10:00:00.000Z
【大事故】世界最悪のジェットコースターにあの人乗せてみた！！,http://www.youtube.com/watch?v=frWA1aXqkXI,2018-04-17T10:00:12.000Z
【Cover】Butter-Fly/和田光司『デジモンアドベンチャー』 Butter-Fly/Koji Wada”DIGIMON ADVENTURE”,http://www.youtube.com/watch?v=TtgvPFkWQJo,2018-04-14T10:00:08.000Z
【ナイツクロニクル】キクノジョーの裁判！！,http://www.youtube.com/watch?v=KrwEIGx-Vq4,2018-04-13T10:05:37.000Z
【富士葵】生放送の練習～！！！,http://www.youtube.com/watch?v=qW_gJ9cm1Xc,2018-04-12T10:01:08.000Z
【夢怨】富士葵×ホラーゲーム＝笑い【罰ゲーム】,http://www.youtube.com/watch?v=kPgtCnA6wys,2018-04-11T10:02:05.000Z
【Cover】春よ、来い/松任谷由実 Haru Yo Koi/Yumi Matsutoya,http://www.youtube.com/watch?v=v-oX-iq3l0c,2018-04-07T10:00:14.000Z
【QWOP】アオリンピック！！世界新記録？！,http://www.youtube.com/watch?v=JylxjbmkEVY,2018-04-06T10:00:07.000Z
【ひょっこりはん】キミの歌劇団度は何％？,http://www.youtube.com/watch?v=cIDu8li61ao,2018-04-05T10:03:00.000Z
【早口言葉バトル】富士葵vsキクノジョー！！実験してみた！,http://www.youtube.com/watch?v=28GksIJS6T8,2018-04-02T10:00:01.000Z
【３月総集編】はい！手を止めて前見てー！振り返りの時間でーす！,http://www.youtube.com/watch?v=tZqXcMun084,2018-03-31T10:00:17.000Z
【Cover】卒業写真/松任谷由実 SotsugyoShashin/Yumi Matsutoya,http://www.youtube.com/watch?v=XsyobVYi46Q,2018-03-30T10:15:16.000Z
【お絵描きバトル】富士葵vsキクノジョー！！本気を出します！,http://www.youtube.com/watch?v=BLNk3ImHrCQ,2018-03-26T10:00:01.000Z
"【Cover】歩いて帰ろう/斉藤和義『ポンキッキーズ』Aruite Kaerou/Kazuyoshi Saito ""Ponkickies""",http://www.youtube.com/watch?v=Qr1e-XuGuM8,2018-03-24T10:00:04.000Z
富士葵、愛を学ぶ！！！,http://www.youtube.com/watch?v=5YQ6ZFtL2jU,2018-03-23T10:00:01.000Z
【利きシリーズ】みんな大好き缶コーヒー!!　 Canned coffee Tasting╭( ･ㅂ･)و,http://www.youtube.com/watch?v=bhJ008ywNpA,2018-03-21T11:34:48.000Z
葵の私生活(午前中)初公開！！,http://www.youtube.com/watch?v=fmQ9J1i4D7Q,2018-03-20T10:00:05.000Z
"【Cover】フリージア/Uru『機動戦士ガンダム 鉄血のオルフェンズ』Freesia/Uru ""Mobile Suit Gundam: Iron-Blooded Orphans""",http://www.youtube.com/watch?v=sPE9vVOWjUE,2018-03-18T10:00:23.000Z
葵の好きなマンガ大公開！？実は、、、,http://www.youtube.com/watch?v=s5AOIrYyaF8,2018-03-16T10:00:12.000Z
【対義語】葵の国語の時間！！,http://www.youtube.com/watch?v=Vua_eHINIi0,2018-03-14T10:21:27.000Z
【感謝】いつも応援してくださっているみなっっさーーん！！へ！！,http://www.youtube.com/watch?v=m0PatQu-mG8,2018-03-13T10:00:05.000Z
【Cover】赤鬼と青鬼のタンゴ【みんなのうた】,http://www.youtube.com/watch?v=3MoW6LUolb8,2018-03-12T10:00:50.000Z
【Cover】3月9日/レミオロメン March 9th/Remioromen,http://www.youtube.com/watch?v=FbqMJ1UucsY,2018-03-09T06:00:01.000Z
【富士葵】チャンネル登録者5万人ありがと！ありがとッ！！【Aoi ch.】,http://www.youtube.com/watch?v=NJCB_ClK5sE,2018-03-07T10:00:02.000Z
【手押し相撲】古舘葵！！見事な実況決めちゃる！,http://www.youtube.com/watch?v=FA8-omRQV4Y,2018-03-05T10:00:01.000Z
【Cover】サザンカ/SEKAI NO OWARI　SAZANKA/SEKAI NO OWARI,http://www.youtube.com/watch?v=8CNM6H_FKDY,2018-03-02T10:00:00.000Z
【2月総集編】みんな！未公開を公開する時間だよ！,http://www.youtube.com/watch?v=ZBwyKacI15U,2018-02-28T10:02:34.000Z
【意味がわかると怖い話】怖い話！！でてこいや～！！！,http://www.youtube.com/watch?v=xzwA3PrbaE8,2018-02-26T12:00:03.000Z
【絵描き歌解答編】みんなの解答をご紹介するよーーー！！！,http://www.youtube.com/watch?v=c0hb4zmL8b8,2018-02-23T11:36:11.000Z
【ソーセージレジェンド】時はきた！それだけだ,http://www.youtube.com/watch?v=akhg3MlEkrY,2018-02-19T10:48:13.000Z
"【Cover】変わらないもの/奥華子『時をかける少女』Kawaranai Mono/Oku Hanako ""The Girl Who Leapt Through Time""",http://www.youtube.com/watch?v=qeGDonntEzI,2018-02-17T10:00:03.000Z
【Virtual Table Tennis】まずは日本のてっぺんを目指す！！,http://www.youtube.com/watch?v=tVUQB6jbjIw,2018-02-16T10:00:08.000Z
【ZEKKEI】桜坂/福山雅治　Sakurazaka/Masaharu Fukuyama【Cover】,http://www.youtube.com/watch?v=Okb7BGUwHLw,2018-02-15T10:00:02.000Z
【葵からのバレンタインプレゼント】ミトラスフィアで歌劇団のみなさんと遊びました！！,http://www.youtube.com/watch?v=QQJ1kwIxoEM,2018-02-14T10:00:01.000Z
【絵描き歌】葵の挑戦状！！！～出題編～,http://www.youtube.com/watch?v=FhcgnttD1Ys,2018-02-13T10:00:01.000Z
【利きシリーズ】罰ゲーム回避？！ Instant noodle Tasting╭( ･ㅂ･)و,http://www.youtube.com/watch?v=OP0qGD_Ar-4,2018-02-11T10:00:04.000Z
☆4万人登録ありがとう☆【Cover】Tomorrow/アニー＜ミュージカル＞,http://www.youtube.com/watch?v=q9Esydf9EyI,2018-02-10T10:00:02.000Z
【キクノジョー】謝罪と経緯と今後について,http://www.youtube.com/watch?v=-lCCbyeYeoM,2018-02-09T06:26:48.000Z
西暦2038年の富士葵です、小生からのお願い！！！,http://www.youtube.com/watch?v=orAozTEQZo4,2018-02-08T10:00:02.000Z
【3D肝試し #3最終章】これで正真正銘の終わりじゃぁあ！！！！！！！,http://www.youtube.com/watch?v=sC9in-eFh_4,2018-02-07T10:30:02.000Z
【ご報告】いつも応援してくださっているみなさんへ,http://www.youtube.com/watch?v=8oEXem2q99M,2018-02-05T12:43:23.000Z
【手押し相撲】男同士の負けられない戦い！！,http://www.youtube.com/watch?v=PF6Ya1EEahc,2018-02-03T10:00:03.000Z
【Cover】富士葵、スーザンボイルと呼ばれて　夢やぶれて/Les Misérables,http://www.youtube.com/watch?v=5nH5mFg9xYA,2018-02-02T10:00:00.000Z
西暦2038年の富士葵です、某の話を聞いて！！！,http://www.youtube.com/watch?v=dEkcX2JQ7fs,2018-02-01T10:02:43.000Z
【NGもあるよ】1月はこーんなことやあーんなことをしていました！,http://www.youtube.com/watch?v=gS5zJURTCTI,2018-01-31T10:00:05.000Z
【2億年後診断】2億17年後の葵…知りたくない？,http://www.youtube.com/watch?v=6cCaiQexsQw,2018-01-29T10:00:00.000Z
【Cover】希望という名の光/山下達郎  A Ray of Hope/Tatsuro Yamashita,http://www.youtube.com/watch?v=a1POL45GTTI,2018-01-27T10:00:01.000Z
【3D肝試し #2】結局やるんじゃんかぁあ！！！！！！！,http://www.youtube.com/watch?v=w8bzLH5oSPc,2018-01-26T10:00:05.000Z
西暦2038年の富士葵です、みんな助けて！！！,http://www.youtube.com/watch?v=qW_vfiJSOgs,2018-01-25T05:00:09.000Z
【Cover】セーラームーンメドレー『美少女戦士セーラームーン』Sailor Moon medley『Sailor Moon』,http://www.youtube.com/watch?v=BNckc2vaK0M,2018-01-24T10:00:01.000Z
【おこ！】みんな！ちょっとこれ見てよ…,http://www.youtube.com/watch?v=4xKf2wPZ5DQ,2018-01-22T10:00:00.000Z
"【Cover】奏(かなで)/スキマスイッチ『一週間フレンズ。』Kanade/Sukima Switch ""One Week Friends""",http://www.youtube.com/watch?v=_E6f7gHX0R8,2018-01-20T10:00:02.000Z
"【Cover】炎のたからもの/BOBBY『カリオストロの城』Treasures of Time/BOBBY ""THE CASTLE OF CAGLIOSTRO""",http://www.youtube.com/watch?v=lMDs6mHrGVk,2018-01-19T10:00:03.000Z
【AI vs 葵】ハリーポッターの新作タイトルを決めた！,http://www.youtube.com/watch?v=7QyiRh9Nn_8,2018-01-18T10:00:01.000Z
【くまといっしょ】葵に新しいお友達ができました…,http://www.youtube.com/watch?v=2E7YxTKVV8Q,2018-01-17T10:30:00.000Z
【絵描き歌解答】正解はこれだ！！,http://www.youtube.com/watch?v=Rm9rj8PIi4Q,2018-01-15T10:00:03.000Z
【私、転がります。】築け！人生のハイスコア！,http://www.youtube.com/watch?v=YVexLNlEN5Q,2018-01-13T10:00:05.000Z
"【Cover】テルーの唄/手嶌葵『ゲド戦記』Therru's Song/Aoi Teshima ""Tales from Earthsea""",http://www.youtube.com/watch?v=CLvFdndsRuk,2018-01-12T10:00:01.000Z
【利きシリーズ】コーラの違いなんて余裕でわかるし!!　Coke Tasting╭( ･ㅂ･)و,http://www.youtube.com/watch?v=MC5MoZuu9zE,2018-01-10T11:00:01.000Z
【絵描き歌】葵の絵描き歌クイズ！！！,http://www.youtube.com/watch?v=0zpV-ddBTic,2018-01-08T10:00:00.000Z
【DTB】葵の才能が開花！どうぶつタワーバトル！！,http://www.youtube.com/watch?v=RmygMge7PYQ,2018-01-06T10:00:03.000Z
富士葵、いざ！！ここに表明する！！聞いてー！！,http://www.youtube.com/watch?v=UP6LzYeA0DQ,2018-01-05T10:00:02.000Z
"【Cover】前前前世(movie ver.)/RADWIMPS 『君の名は。』 Zenzenzense ""Your Name""",http://www.youtube.com/watch?v=rNcmaeY37rM,2018-01-03T10:00:06.000Z
新年のご挨拶と2018年の抱負を伝えさせてください！,http://www.youtube.com/watch?v=tLZqjICvkAo,2018-01-01T10:00:05.000Z
除夜の鐘を鳴らしてみた！Bell of New Year 's Eve in Japan【世界不思議ハンター】,http://www.youtube.com/watch?v=lyNdjzJEUfU,2017-12-31T14:00:05.000Z
【Cover:天城越え】ひとり紅白歌合戦に挑戦じゃぁー！,http://www.youtube.com/watch?v=2G7IG1hw92U,2017-12-31T10:00:00.000Z
イタリアでピサの斜塔を眺めてきた！ Pisa Leaning Tower in Italy【世界不思議ハンター】,http://www.youtube.com/watch?v=0A-KhuwFhP8,2017-12-30T10:00:00.000Z
ホラーゲームなんて二度とやるかぁあ！！！！！！！,http://www.youtube.com/watch?v=ktz0uVwTImU,2017-12-28T10:21:53.000Z
【応援】葵の感謝の気持ちを伝えます。Cover:ファイト！/中島みゆき【富士葵】,http://www.youtube.com/watch?v=-7-DiqcyeXw,2017-12-26T14:43:42.000Z
みんな聞いて！葵は発見してしまった…【富士葵】,http://www.youtube.com/watch?v=q8aPoK6GSu0,2017-12-25T14:58:32.000Z
"【Cover】スパークル/RADWIMPS 『君の名は。』 Sparkle ""Your Name""",http://www.youtube.com/watch?v=2z2qTuiwfrM,2017-12-23T09:25:07.000Z
【Cover】クリスマスソングメドレーを歌ってみたよ！【富士葵】,http://www.youtube.com/watch?v=ggTm4YPeGxw,2017-12-22T16:22:50.000Z
友達が欲しいので黒魔術で召喚した【富士葵】,http://www.youtube.com/watch?v=WGXMCyXB5TI,2017-12-20T12:27:46.000Z
イースター島でモアイの不思議発見 Moai in Easter island 【世界不思議ハンター】,http://www.youtube.com/watch?v=6K2AzCLACIQ,2017-12-17T08:00:01.000Z
"【Cover】なんでもないや/RADWIMPS 『君の名は。』 Nandemonaiya ""Your Name""",http://www.youtube.com/watch?v=2icJhamXyA0,2017-12-16T06:00:00.000Z
"【聖地巡礼】君の名は。葵とバーチャルデート ""Your Name""",http://www.youtube.com/watch?v=lwCIZRdyysM,2017-12-15T06:00:50.000Z
妖怪惑星クラリスのガチャ50連でバーチャルJKぶっ壊れる,http://www.youtube.com/watch?v=KheWGHblNBs,2017-12-13T13:55:57.000Z
シンガポールでマーライオンに会ってきた！ Merlion in Singapore【世界不思議ハンター】,http://www.youtube.com/watch?v=uZEVddot2eM,2017-12-11T10:00:04.000Z
【利きシリーズ】第一回は利き”緑茶”　Japanese Green Tea Tasting╭( ･ㅂ･)و,http://www.youtube.com/watch?v=o0_6SnmW1gQ,2017-12-10T10:00:02.000Z
女の子の悩み解消に挑戦！,http://www.youtube.com/watch?v=TBbmZttZ6og,2017-12-09T10:00:02.000Z
【Aoiの自己紹介】YouTuberはじめました！はじめまして！,http://www.youtube.com/watch?v=D5Xx-tNGc9Y,2017-12-08T10:01:23.000Z